command,mean,stddev,median,user,system,min,max
"../build/aqp_middleware --engine=umbra     --db=""host=localhost port=5432 user=postgres password=postgres""     --schema=/home/pei/Project/benchmarks/imdb_job-postgres/schema.sql     --fkeys=/home/pei/Project/benchmarks/imdb_job-postgres/fkeys.sql     --split=relationshipcenter --no-analyze /home/pei/Project/benchmarks/imdb_job-postgres/queries/10a.sql",0.11444300198000001,0.0011989061566593108,0.11404406758000002,0.01158624,0.0035565639999999995,0.11325520858000002,0.11690848358000001
command,mean,stddev,median,user,system,min,max
"../build/aqp_middleware --engine=umbra     --db=""host=localhost port=5432 user=postgres password=postgres""     --schema=/home/pei/Project/benchmarks/imdb_job-postgres/schema.sql     --fkeys=/home/pei/Project/benchmarks/imdb_job-postgres/fkeys.sql     --split=relationshipcenter --no-analyze /home/pei/Project/benchmarks/imdb_job-postgres/queries/10b.sql",0.10158583656000002,0.0023700206789413945,0.10074687816,0.0136281,0.0029150580000000003,0.09988279716000001,0.10802616016000001
command,mean,stddev,median,user,system,min,max
"../build/aqp_middleware --engine=umbra     --db=""host=localhost port=5432 user=postgres password=postgres""     --schema=/home/pei/Project/benchmarks/imdb_job-postgres/schema.sql     --fkeys=/home/pei/Project/benchmarks/imdb_job-postgres/fkeys.sql     --split=relationshipcenter --no-analyze /home/pei/Project/benchmarks/imdb_job-postgres/queries/10c.sql",0.14636143740000002,0.0007402829812578144,0.1461350797,0.013645819999999998,0.003006528,0.1454727572,0.14757017719999999
command,mean,stddev,median,user,system,min,max
"../build/aqp_middleware --engine=umbra     --db=""host=localhost port=5432 user=postgres password=postgres""     --schema=/home/pei/Project/benchmarks/imdb_job-postgres/schema.sql     --fkeys=/home/pei/Project/benchmarks/imdb_job-postgres/fkeys.sql     --split=relationshipcenter --no-analyze /home/pei/Project/benchmarks/imdb_job-postgres/queries/11a.sql",0.02303034182,0.00036226989295557566,0.02287169492,0.014630960000000002,0.0021454679999999998,0.022634808420000003,0.02389377142
command,mean,stddev,median,user,system,min,max
"../build/aqp_middleware --engine=umbra     --db=""host=localhost port=5432 user=postgres password=postgres""     --schema=/home/pei/Project/benchmarks/imdb_job-postgres/schema.sql     --fkeys=/home/pei/Project/benchmarks/imdb_job-postgres/fkeys.sql     --split=relationshipcenter --no-analyze /home/pei/Project/benchmarks/imdb_job-postgres/queries/11b.sql",0.024857821520000004,0.00016730321573398763,0.024866699920000002,0.01321458,0.003385014,0.024638316920000004,0.02513361092
command,mean,stddev,median,user,system,min,max
"../build/aqp_middleware --engine=umbra     --db=""host=localhost port=5432 user=postgres password=postgres""     --schema=/home/pei/Project/benchmarks/imdb_job-postgres/schema.sql     --fkeys=/home/pei/Project/benchmarks/imdb_job-postgres/fkeys.sql     --split=relationshipcenter --no-analyze /home/pei/Project/benchmarks/imdb_job-postgres/queries/11c.sql",0.08156776036,0.0005212273416159322,0.08155275756000001,0.01507938,0.001707708,0.08077753606,0.08272689906000001
command,mean,stddev,median,user,system,min,max
"../build/aqp_middleware --engine=umbra     --db=""host=localhost port=5432 user=postgres password=postgres""     --schema=/home/pei/Project/benchmarks/imdb_job-postgres/schema.sql     --fkeys=/home/pei/Project/benchmarks/imdb_job-postgres/fkeys.sql     --split=relationshipcenter --no-analyze /home/pei/Project/benchmarks/imdb_job-postgres/queries/11d.sql",0.027760085060000002,0.0003020124066875577,0.027739871160000002,0.01392746,0.002781492,0.027350737160000003,0.028165685160000002
command,mean,stddev,median,user,system,min,max
"../build/aqp_middleware --engine=umbra     --db=""host=localhost port=5432 user=postgres password=postgres""     --schema=/home/pei/Project/benchmarks/imdb_job-postgres/schema.sql     --fkeys=/home/pei/Project/benchmarks/imdb_job-postgres/fkeys.sql     --split=relationshipcenter --no-analyze /home/pei/Project/benchmarks/imdb_job-postgres/queries/12a.sql",0.046116200180000004,0.0003312074986218532,0.04620129388000001,0.013093300000000002,0.0034845880000000003,0.045650239880000006,0.04646961988000001
command,mean,stddev,median,user,system,min,max
"../build/aqp_middleware --engine=umbra     --db=""host=localhost port=5432 user=postgres password=postgres""     --schema=/home/pei/Project/benchmarks/imdb_job-postgres/schema.sql     --fkeys=/home/pei/Project/benchmarks/imdb_job-postgres/fkeys.sql     --split=relationshipcenter --no-analyze /home/pei/Project/benchmarks/imdb_job-postgres/queries/12b.sql",0.06249836324000001,0.0006949392230535114,0.06222321724,0.01339668,0.0033273639999999993,0.06170805824000001,0.06377858324
command,mean,stddev,median,user,system,min,max
"../build/aqp_middleware --engine=umbra     --db=""host=localhost port=5432 user=postgres password=postgres""     --schema=/home/pei/Project/benchmarks/imdb_job-postgres/schema.sql     --fkeys=/home/pei/Project/benchmarks/imdb_job-postgres/fkeys.sql     --split=relationshipcenter --no-analyze /home/pei/Project/benchmarks/imdb_job-postgres/queries/12c.sql",0.03834286798,0.001076082041353436,0.03765088088,0.014396219999999998,0.00234733,0.03730611838,0.03994743538
command,mean,stddev,median,user,system,min,max
"../build/aqp_middleware --engine=umbra     --db=""host=localhost port=5432 user=postgres password=postgres""     --schema=/home/pei/Project/benchmarks/imdb_job-postgres/schema.sql     --fkeys=/home/pei/Project/benchmarks/imdb_job-postgres/fkeys.sql     --split=relationshipcenter --no-analyze /home/pei/Project/benchmarks/imdb_job-postgres/queries/13a.sql",0.11958063561999999,0.0006738581588795156,0.11959254422,0.012225799999999998,0.004537352,0.11869584722,0.12065146322
command,mean,stddev,median,user,system,min,max
"../build/aqp_middleware --engine=umbra     --db=""host=localhost port=5432 user=postgres password=postgres""     --schema=/home/pei/Project/benchmarks/imdb_job-postgres/schema.sql     --fkeys=/home/pei/Project/benchmarks/imdb_job-postgres/fkeys.sql     --split=relationshipcenter --no-analyze /home/pei/Project/benchmarks/imdb_job-postgres/queries/13b.sql",0.04555813604,0.00045310781029940533,0.04548993944,0.014899560000000001,0.001968684,0.04500372894000001,0.04643164794000001
command,mean,stddev,median,user,system,min,max
"../build/aqp_middleware --engine=umbra     --db=""host=localhost port=5432 user=postgres password=postgres""     --schema=/home/pei/Project/benchmarks/imdb_job-postgres/schema.sql     --fkeys=/home/pei/Project/benchmarks/imdb_job-postgres/fkeys.sql     --split=relationshipcenter --no-analyze /home/pei/Project/benchmarks/imdb_job-postgres/queries/13c.sql",0.0313812944,0.00036200222753390767,0.0313698477,0.01590934,0.000987656,0.0308399892,0.0322533242
command,mean,stddev,median,user,system,min,max
"../build/aqp_middleware --engine=umbra     --db=""host=localhost port=5432 user=postgres password=postgres""     --schema=/home/pei/Project/benchmarks/imdb_job-postgres/schema.sql     --fkeys=/home/pei/Project/benchmarks/imdb_job-postgres/fkeys.sql     --split=relationshipcenter --no-analyze /home/pei/Project/benchmarks/imdb_job-postgres/queries/13d.sql",0.08714451762,0.0003209524185780835,0.08711397842,0.015038580000000001,0.0016835079999999998,0.08655048092,0.08762843492
command,mean,stddev,median,user,system,min,max
"../build/aqp_middleware --engine=umbra     --db=""host=localhost port=5432 user=postgres password=postgres""     --schema=/home/pei/Project/benchmarks/imdb_job-postgres/schema.sql     --fkeys=/home/pei/Project/benchmarks/imdb_job-postgres/fkeys.sql     --split=relationshipcenter --no-analyze /home/pei/Project/benchmarks/imdb_job-postgres/queries/14a.sql",0.05250526944,0.0005624649129433074,0.05245146204,0.01322348,0.0033676679999999994,0.05191788154,0.05336220154
command,mean,stddev,median,user,system,min,max
"../build/aqp_middleware --engine=umbra     --db=""host=localhost port=5432 user=postgres password=postgres""     --schema=/home/pei/Project/benchmarks/imdb_job-postgres/schema.sql     --fkeys=/home/pei/Project/benchmarks/imdb_job-postgres/fkeys.sql     --split=relationshipcenter --no-analyze /home/pei/Project/benchmarks/imdb_job-postgres/queries/14b.sql",0.030792519500000004,0.00032307450694510353,0.030785964900000004,0.013870619999999997,0.0029440299999999994,0.030348454900000002,0.0315750469
command,mean,stddev,median,user,system,min,max
"../build/aqp_middleware --engine=umbra     --db=""host=localhost port=5432 user=postgres password=postgres""     --schema=/home/pei/Project/benchmarks/imdb_job-postgres/schema.sql     --fkeys=/home/pei/Project/benchmarks/imdb_job-postgres/fkeys.sql     --split=relationshipcenter --no-analyze /home/pei/Project/benchmarks/imdb_job-postgres/queries/14c.sql",0.10098355898,0.0008530330419266739,0.10070703778000001,0.013824220000000002,0.0030104799999999994,0.10011996028,0.10284107728
command,mean,stddev,median,user,system,min,max
"../build/aqp_middleware --engine=umbra     --db=""host=localhost port=5432 user=postgres password=postgres""     --schema=/home/pei/Project/benchmarks/imdb_job-postgres/schema.sql     --fkeys=/home/pei/Project/benchmarks/imdb_job-postgres/fkeys.sql     --split=relationshipcenter --no-analyze /home/pei/Project/benchmarks/imdb_job-postgres/queries/15a.sql",0.0404744708,0.0004909205560011269,0.040512246,0.014293659999999996,0.0025390639999999997,0.0397838015,0.0414344935
command,mean,stddev,median,user,system,min,max
"../build/aqp_middleware --engine=umbra     --db=""host=localhost port=5432 user=postgres password=postgres""     --schema=/home/pei/Project/benchmarks/imdb_job-postgres/schema.sql     --fkeys=/home/pei/Project/benchmarks/imdb_job-postgres/fkeys.sql     --split=relationshipcenter --no-analyze /home/pei/Project/benchmarks/imdb_job-postgres/queries/15b.sql",0.039207233620000004,0.0002620889121534474,0.03914468212000001,0.01501266,0.001755644,0.03882608062000001,0.039624641620000005
command,mean,stddev,median,user,system,min,max
"../build/aqp_middleware --engine=umbra     --db=""host=localhost port=5432 user=postgres password=postgres""     --schema=/home/pei/Project/benchmarks/imdb_job-postgres/schema.sql     --fkeys=/home/pei/Project/benchmarks/imdb_job-postgres/fkeys.sql     --split=relationshipcenter --no-analyze /home/pei/Project/benchmarks/imdb_job-postgres/queries/15c.sql",0.054115726540000006,0.0008764030276863609,0.05372888664,0.013168379999999997,0.003612867999999999,0.05315342414,0.05567679314
command,mean,stddev,median,user,system,min,max
"../build/aqp_middleware --engine=umbra     --db=""host=localhost port=5432 user=postgres password=postgres""     --schema=/home/pei/Project/benchmarks/imdb_job-postgres/schema.sql     --fkeys=/home/pei/Project/benchmarks/imdb_job-postgres/fkeys.sql     --split=relationshipcenter --no-analyze /home/pei/Project/benchmarks/imdb_job-postgres/queries/15d.sql",0.07433757894000001,0.00025828418092085236,0.07428244264,0.01410176,0.002684378,0.07404015614000001,0.07480435814
command,mean,stddev,median,user,system,min,max
"../build/aqp_middleware --engine=umbra     --db=""host=localhost port=5432 user=postgres password=postgres""     --schema=/home/pei/Project/benchmarks/imdb_job-postgres/schema.sql     --fkeys=/home/pei/Project/benchmarks/imdb_job-postgres/fkeys.sql     --split=relationshipcenter --no-analyze /home/pei/Project/benchmarks/imdb_job-postgres/queries/16a.sql",0.04579531528000001,0.000650904250957561,0.045582101580000006,0.014798300000000004,0.00201982,0.04484816508,0.047020082080000004
command,mean,stddev,median,user,system,min,max
"../build/aqp_middleware --engine=umbra     --db=""host=localhost port=5432 user=postgres password=postgres""     --schema=/home/pei/Project/benchmarks/imdb_job-postgres/schema.sql     --fkeys=/home/pei/Project/benchmarks/imdb_job-postgres/fkeys.sql     --split=relationshipcenter --no-analyze /home/pei/Project/benchmarks/imdb_job-postgres/queries/16b.sql",0.40182108014000006,0.0017804255980698837,0.40136172074000004,0.014842459999999997,0.0017231839999999998,0.39997132974000005,0.40560862774000006
command,mean,stddev,median,user,system,min,max
"../build/aqp_middleware --engine=umbra     --db=""host=localhost port=5432 user=postgres password=postgres""     --schema=/home/pei/Project/benchmarks/imdb_job-postgres/schema.sql     --fkeys=/home/pei/Project/benchmarks/imdb_job-postgres/fkeys.sql     --split=relationshipcenter --no-analyze /home/pei/Project/benchmarks/imdb_job-postgres/queries/16c.sql",0.10870513704000002,0.0008844793981185633,0.10862740024,0.0138072,0.0029224199999999994,0.10758908624,0.11057951924000001
command,mean,stddev,median,user,system,min,max
"../build/aqp_middleware --engine=umbra     --db=""host=localhost port=5432 user=postgres password=postgres""     --schema=/home/pei/Project/benchmarks/imdb_job-postgres/schema.sql     --fkeys=/home/pei/Project/benchmarks/imdb_job-postgres/fkeys.sql     --split=relationshipcenter --no-analyze /home/pei/Project/benchmarks/imdb_job-postgres/queries/16d.sql",0.09653992096000001,0.001254428486721029,0.09623162336000002,0.01350898,0.0032173440000000005,0.09553321886,0.09970343286000001
command,mean,stddev,median,user,system,min,max
"../build/aqp_middleware --engine=umbra     --db=""host=localhost port=5432 user=postgres password=postgres""     --schema=/home/pei/Project/benchmarks/imdb_job-postgres/schema.sql     --fkeys=/home/pei/Project/benchmarks/imdb_job-postgres/fkeys.sql     --split=relationshipcenter --no-analyze /home/pei/Project/benchmarks/imdb_job-postgres/queries/17a.sql",0.21646557658,0.0011632033155672527,0.21625661058,0.014437819999999999,0.0022016,0.21518604458,0.21892522158
command,mean,stddev,median,user,system,min,max
"../build/aqp_middleware --engine=umbra     --db=""host=localhost port=5432 user=postgres password=postgres""     --schema=/home/pei/Project/benchmarks/imdb_job-postgres/schema.sql     --fkeys=/home/pei/Project/benchmarks/imdb_job-postgres/fkeys.sql     --split=relationshipcenter --no-analyze /home/pei/Project/benchmarks/imdb_job-postgres/queries/17b.sql",0.05780662012,0.00030059153703515247,0.05784709022000001,0.014287639999999999,0.002189404,0.057283209720000006,0.058246380720000004
command,mean,stddev,median,user,system,min,max
"../build/aqp_middleware --engine=umbra     --db=""host=localhost port=5432 user=postgres password=postgres""     --schema=/home/pei/Project/benchmarks/imdb_job-postgres/schema.sql     --fkeys=/home/pei/Project/benchmarks/imdb_job-postgres/fkeys.sql     --split=relationshipcenter --no-analyze /home/pei/Project/benchmarks/imdb_job-postgres/queries/17c.sql",0.02563042964,0.0002483385238349952,0.025646701540000004,0.01381716,0.0026607960000000004,0.025239635540000003,0.025947450540000003
command,mean,stddev,median,user,system,min,max
"../build/aqp_middleware --engine=umbra     --db=""host=localhost port=5432 user=postgres password=postgres""     --schema=/home/pei/Project/benchmarks/imdb_job-postgres/schema.sql     --fkeys=/home/pei/Project/benchmarks/imdb_job-postgres/fkeys.sql     --split=relationshipcenter --no-analyze /home/pei/Project/benchmarks/imdb_job-postgres/queries/17d.sql",0.12647657274000002,0.001247803332140164,0.12603421314000002,0.01400556,0.00269462,0.12538907464000001,0.12914603164
command,mean,stddev,median,user,system,min,max
"../build/aqp_middleware --engine=umbra     --db=""host=localhost port=5432 user=postgres password=postgres""     --schema=/home/pei/Project/benchmarks/imdb_job-postgres/schema.sql     --fkeys=/home/pei/Project/benchmarks/imdb_job-postgres/fkeys.sql     --split=relationshipcenter --no-analyze /home/pei/Project/benchmarks/imdb_job-postgres/queries/17e.sql",0.36295606518,0.0018102711594415596,0.36332643358000005,0.014170139999999998,0.0024328079999999994,0.35821131808,0.36457139308000003
command,mean,stddev,median,user,system,min,max
"../build/aqp_middleware --engine=umbra     --db=""host=localhost port=5432 user=postgres password=postgres""     --schema=/home/pei/Project/benchmarks/imdb_job-postgres/schema.sql     --fkeys=/home/pei/Project/benchmarks/imdb_job-postgres/fkeys.sql     --split=relationshipcenter --no-analyze /home/pei/Project/benchmarks/imdb_job-postgres/queries/17f.sql",0.3046879705400001,0.0008446955796016474,0.30459690194000005,0.013740159999999998,0.002992196,0.30304880144,0.30566521044000006
command,mean,stddev,median,user,system,min,max
"../build/aqp_middleware --engine=umbra     --db=""host=localhost port=5432 user=postgres password=postgres""     --schema=/home/pei/Project/benchmarks/imdb_job-postgres/schema.sql     --fkeys=/home/pei/Project/benchmarks/imdb_job-postgres/fkeys.sql     --split=relationshipcenter --no-analyze /home/pei/Project/benchmarks/imdb_job-postgres/queries/18a.sql",0.09748825300000002,0.000469150660292608,0.09756152010000001,0.012809379999999999,0.0037922800000000007,0.0964698321,0.09803428410000001
command,mean,stddev,median,user,system,min,max
"../build/aqp_middleware --engine=umbra     --db=""host=localhost port=5432 user=postgres password=postgres""     --schema=/home/pei/Project/benchmarks/imdb_job-postgres/schema.sql     --fkeys=/home/pei/Project/benchmarks/imdb_job-postgres/fkeys.sql     --split=relationshipcenter --no-analyze /home/pei/Project/benchmarks/imdb_job-postgres/queries/18b.sql",0.09998146538,0.00044096755646092845,0.09995251218000001,0.013426579999999999,0.003336028,0.09943209668000001,0.10083656468
command,mean,stddev,median,user,system,min,max
"../build/aqp_middleware --engine=umbra     --db=""host=localhost port=5432 user=postgres password=postgres""     --schema=/home/pei/Project/benchmarks/imdb_job-postgres/schema.sql     --fkeys=/home/pei/Project/benchmarks/imdb_job-postgres/fkeys.sql     --split=relationshipcenter --no-analyze /home/pei/Project/benchmarks/imdb_job-postgres/queries/18c.sql",0.21164206487999998,0.0033444930775770087,0.21148518838000002,0.012057080000000001,0.0047768640000000005,0.20813237338,0.21871864438000002
command,mean,stddev,median,user,system,min,max
"../build/aqp_middleware --engine=umbra     --db=""host=localhost port=5432 user=postgres password=postgres""     --schema=/home/pei/Project/benchmarks/imdb_job-postgres/schema.sql     --fkeys=/home/pei/Project/benchmarks/imdb_job-postgres/fkeys.sql     --split=relationshipcenter --no-analyze /home/pei/Project/benchmarks/imdb_job-postgres/queries/19a.sql",0.05858681513999999,0.00038571961473853706,0.05846882124000001,0.014056080000000002,0.00276174,0.058244908740000004,0.05945946474000001
command,mean,stddev,median,user,system,min,max
"../build/aqp_middleware --engine=umbra     --db=""host=localhost port=5432 user=postgres password=postgres""     --schema=/home/pei/Project/benchmarks/imdb_job-postgres/schema.sql     --fkeys=/home/pei/Project/benchmarks/imdb_job-postgres/fkeys.sql     --split=relationshipcenter --no-analyze /home/pei/Project/benchmarks/imdb_job-postgres/queries/19b.sql",0.05619984871999999,0.0006532283107476114,0.05587676602,0.0127662,0.004165644,0.05551908852,0.05742791752
command,mean,stddev,median,user,system,min,max
"../build/aqp_middleware --engine=umbra     --db=""host=localhost port=5432 user=postgres password=postgres""     --schema=/home/pei/Project/benchmarks/imdb_job-postgres/schema.sql     --fkeys=/home/pei/Project/benchmarks/imdb_job-postgres/fkeys.sql     --split=relationshipcenter --no-analyze /home/pei/Project/benchmarks/imdb_job-postgres/queries/19c.sql",0.08655933534000002,0.0007647021551961332,0.08645662734000001,0.014489819999999997,0.002481576,0.08564122084,0.08847114284
command,mean,stddev,median,user,system,min,max
"../build/aqp_middleware --engine=umbra     --db=""host=localhost port=5432 user=postgres password=postgres""     --schema=/home/pei/Project/benchmarks/imdb_job-postgres/schema.sql     --fkeys=/home/pei/Project/benchmarks/imdb_job-postgres/fkeys.sql     --split=relationshipcenter --no-analyze /home/pei/Project/benchmarks/imdb_job-postgres/queries/19d.sql",1.0095010163799998,0.0026339450737444094,1.00949996068,0.012208240000000004,0.004576076,1.00480463818,1.01301427818
command,mean,stddev,median,user,system,min,max
"../build/aqp_middleware --engine=umbra     --db=""host=localhost port=5432 user=postgres password=postgres""     --schema=/home/pei/Project/benchmarks/imdb_job-postgres/schema.sql     --fkeys=/home/pei/Project/benchmarks/imdb_job-postgres/fkeys.sql     --split=relationshipcenter --no-analyze /home/pei/Project/benchmarks/imdb_job-postgres/queries/1a.sql",0.022122721079999998,0.0010862673076653376,0.02162654358,0.0122437,0.004510068,0.02116566358,0.024335111580000002
command,mean,stddev,median,user,system,min,max
"../build/aqp_middleware --engine=umbra     --db=""host=localhost port=5432 user=postgres password=postgres""     --schema=/home/pei/Project/benchmarks/imdb_job-postgres/schema.sql     --fkeys=/home/pei/Project/benchmarks/imdb_job-postgres/fkeys.sql     --split=relationshipcenter --no-analyze /home/pei/Project/benchmarks/imdb_job-postgres/queries/1b.sql",0.027192360080000005,0.001946111145006723,0.028056890180000002,0.018376160000000002,0.003871588,0.023200493680000003,0.028679165680000004
command,mean,stddev,median,user,system,min,max
"../build/aqp_middleware --engine=umbra     --db=""host=localhost port=5432 user=postgres password=postgres""     --schema=/home/pei/Project/benchmarks/imdb_job-postgres/schema.sql     --fkeys=/home/pei/Project/benchmarks/imdb_job-postgres/fkeys.sql     --split=relationshipcenter --no-analyze /home/pei/Project/benchmarks/imdb_job-postgres/queries/1c.sql",0.023008585380000002,0.0032700978833619713,0.02192985388,0.013996600000000001,0.003407892,0.02060249938,0.02925281938
command,mean,stddev,median,user,system,min,max
"../build/aqp_middleware --engine=umbra     --db=""host=localhost port=5432 user=postgres password=postgres""     --schema=/home/pei/Project/benchmarks/imdb_job-postgres/schema.sql     --fkeys=/home/pei/Project/benchmarks/imdb_job-postgres/fkeys.sql     --split=relationshipcenter --no-analyze /home/pei/Project/benchmarks/imdb_job-postgres/queries/1d.sql",0.020829586579999997,0.000668110075927413,0.02064138828,0.0154043,0.00152476,0.01996880278,0.02189353778
command,mean,stddev,median,user,system,min,max
"../build/aqp_middleware --engine=umbra     --db=""host=localhost port=5432 user=postgres password=postgres""     --schema=/home/pei/Project/benchmarks/imdb_job-postgres/schema.sql     --fkeys=/home/pei/Project/benchmarks/imdb_job-postgres/fkeys.sql     --split=relationshipcenter --no-analyze /home/pei/Project/benchmarks/imdb_job-postgres/queries/20a.sql",0.13509274894,0.0011944083874342712,0.13452565544,0.014146360000000002,0.0026786020000000004,0.13392805794,0.13739369394
command,mean,stddev,median,user,system,min,max
"../build/aqp_middleware --engine=umbra     --db=""host=localhost port=5432 user=postgres password=postgres""     --schema=/home/pei/Project/benchmarks/imdb_job-postgres/schema.sql     --fkeys=/home/pei/Project/benchmarks/imdb_job-postgres/fkeys.sql     --split=relationshipcenter --no-analyze /home/pei/Project/benchmarks/imdb_job-postgres/queries/20b.sql",0.21650402970000004,0.0031802905407419834,0.21577278710000003,0.01464326,0.00231379,0.21429304610000002,0.22528690110000002
command,mean,stddev,median,user,system,min,max
"../build/aqp_middleware --engine=umbra     --db=""host=localhost port=5432 user=postgres password=postgres""     --schema=/home/pei/Project/benchmarks/imdb_job-postgres/schema.sql     --fkeys=/home/pei/Project/benchmarks/imdb_job-postgres/fkeys.sql     --split=relationshipcenter --no-analyze /home/pei/Project/benchmarks/imdb_job-postgres/queries/20c.sql",0.14314174828,0.00033338702232538583,0.14322317318,0.01310718,0.0037989659999999995,0.14250397118000002,0.14368577118
command,mean,stddev,median,user,system,min,max
"../build/aqp_middleware --engine=umbra     --db=""host=localhost port=5432 user=postgres password=postgres""     --schema=/home/pei/Project/benchmarks/imdb_job-postgres/schema.sql     --fkeys=/home/pei/Project/benchmarks/imdb_job-postgres/fkeys.sql     --split=relationshipcenter --no-analyze /home/pei/Project/benchmarks/imdb_job-postgres/queries/21a.sql",0.025716425539999997,0.0005209361602891903,0.02550577034,0.01581884,0.0008697960000000002,0.02531350734,0.026977901340000002
command,mean,stddev,median,user,system,min,max
"../build/aqp_middleware --engine=umbra     --db=""host=localhost port=5432 user=postgres password=postgres""     --schema=/home/pei/Project/benchmarks/imdb_job-postgres/schema.sql     --fkeys=/home/pei/Project/benchmarks/imdb_job-postgres/fkeys.sql     --split=relationshipcenter --no-analyze /home/pei/Project/benchmarks/imdb_job-postgres/queries/21b.sql",0.024793536040000005,0.0005183888914160869,0.024549611640000003,0.015531960000000001,0.0014796359999999999,0.024420246640000004,0.026085828640000003
command,mean,stddev,median,user,system,min,max
"../build/aqp_middleware --engine=umbra     --db=""host=localhost port=5432 user=postgres password=postgres""     --schema=/home/pei/Project/benchmarks/imdb_job-postgres/schema.sql     --fkeys=/home/pei/Project/benchmarks/imdb_job-postgres/fkeys.sql     --split=relationshipcenter --no-analyze /home/pei/Project/benchmarks/imdb_job-postgres/queries/21c.sql",0.02648618982,0.0007969270253770552,0.02646001422,0.01504642,0.0023982,0.025148372720000003,0.02785460072
command,mean,stddev,median,user,system,min,max
"../build/aqp_middleware --engine=umbra     --db=""host=localhost port=5432 user=postgres password=postgres""     --schema=/home/pei/Project/benchmarks/imdb_job-postgres/schema.sql     --fkeys=/home/pei/Project/benchmarks/imdb_job-postgres/fkeys.sql     --split=relationshipcenter --no-analyze /home/pei/Project/benchmarks/imdb_job-postgres/queries/22a.sql",0.09232242498000001,0.0006455018353797923,0.09214107928000001,0.01256012,0.004462649999999999,0.09132365428,0.09336216328000001
command,mean,stddev,median,user,system,min,max
"../build/aqp_middleware --engine=umbra     --db=""host=localhost port=5432 user=postgres password=postgres""     --schema=/home/pei/Project/benchmarks/imdb_job-postgres/schema.sql     --fkeys=/home/pei/Project/benchmarks/imdb_job-postgres/fkeys.sql     --split=relationshipcenter --no-analyze /home/pei/Project/benchmarks/imdb_job-postgres/queries/22b.sql",0.0474068431,0.00028182007732099245,0.047454736,0.0156633,0.0012145679999999999,0.046953271000000005,0.047955025
command,mean,stddev,median,user,system,min,max
"../build/aqp_middleware --engine=umbra     --db=""host=localhost port=5432 user=postgres password=postgres""     --schema=/home/pei/Project/benchmarks/imdb_job-postgres/schema.sql     --fkeys=/home/pei/Project/benchmarks/imdb_job-postgres/fkeys.sql     --split=relationshipcenter --no-analyze /home/pei/Project/benchmarks/imdb_job-postgres/queries/22c.sql",0.52053847998,0.012708877056334432,0.5162244284799999,0.01368468,0.003478312,0.51247566948,0.55541913348
command,mean,stddev,median,user,system,min,max
"../build/aqp_middleware --engine=umbra     --db=""host=localhost port=5432 user=postgres password=postgres""     --schema=/home/pei/Project/benchmarks/imdb_job-postgres/schema.sql     --fkeys=/home/pei/Project/benchmarks/imdb_job-postgres/fkeys.sql     --split=relationshipcenter --no-analyze /home/pei/Project/benchmarks/imdb_job-postgres/queries/22d.sql",0.11242778726,0.0005482771411518163,0.11226383726000001,0.013562979999999999,0.003657332,0.11188265376000002,0.11365775576
command,mean,stddev,median,user,system,min,max
"../build/aqp_middleware --engine=umbra     --db=""host=localhost port=5432 user=postgres password=postgres""     --schema=/home/pei/Project/benchmarks/imdb_job-postgres/schema.sql     --fkeys=/home/pei/Project/benchmarks/imdb_job-postgres/fkeys.sql     --split=relationshipcenter --no-analyze /home/pei/Project/benchmarks/imdb_job-postgres/queries/23a.sql",0.04151755476,0.0008464951019486567,0.041692532559999995,0.012565559999999998,0.00476126,0.04009641956,0.04251522656
command,mean,stddev,median,user,system,min,max
"../build/aqp_middleware --engine=umbra     --db=""host=localhost port=5432 user=postgres password=postgres""     --schema=/home/pei/Project/benchmarks/imdb_job-postgres/schema.sql     --fkeys=/home/pei/Project/benchmarks/imdb_job-postgres/fkeys.sql     --split=relationshipcenter --no-analyze /home/pei/Project/benchmarks/imdb_job-postgres/queries/23b.sql",0.05539542504,0.0006151820383325115,0.05520462604,0.014813040000000003,0.0022460559999999997,0.054716631540000005,0.05646398954
command,mean,stddev,median,user,system,min,max
"../build/aqp_middleware --engine=umbra     --db=""host=localhost port=5432 user=postgres password=postgres""     --schema=/home/pei/Project/benchmarks/imdb_job-postgres/schema.sql     --fkeys=/home/pei/Project/benchmarks/imdb_job-postgres/fkeys.sql     --split=relationshipcenter --no-analyze /home/pei/Project/benchmarks/imdb_job-postgres/queries/23c.sql",0.04002925368,0.0005491629077002873,0.03995783168,0.013883799999999998,0.0031751719999999995,0.03940909018,0.041315952180000004
command,mean,stddev,median,user,system,min,max
"../build/aqp_middleware --engine=umbra     --db=""host=localhost port=5432 user=postgres password=postgres""     --schema=/home/pei/Project/benchmarks/imdb_job-postgres/schema.sql     --fkeys=/home/pei/Project/benchmarks/imdb_job-postgres/fkeys.sql     --split=relationshipcenter --no-analyze /home/pei/Project/benchmarks/imdb_job-postgres/queries/24a.sql",0.20438606758,0.002166952045253189,0.20364145698000002,0.014529319999999998,0.0033226359999999995,0.20314068448,0.21041442648
command,mean,stddev,median,user,system,min,max
"../build/aqp_middleware --engine=umbra     --db=""host=localhost port=5432 user=postgres password=postgres""     --schema=/home/pei/Project/benchmarks/imdb_job-postgres/schema.sql     --fkeys=/home/pei/Project/benchmarks/imdb_job-postgres/fkeys.sql     --split=relationshipcenter --no-analyze /home/pei/Project/benchmarks/imdb_job-postgres/queries/24b.sql",0.02970497196,0.00028479595291211945,0.029692768760000002,0.0143458,0.0030341279999999997,0.029368711260000003,0.03016749226
command,mean,stddev,median,user,system,min,max
"../build/aqp_middleware --engine=umbra     --db=""host=localhost port=5432 user=postgres password=postgres""     --schema=/home/pei/Project/benchmarks/imdb_job-postgres/schema.sql     --fkeys=/home/pei/Project/benchmarks/imdb_job-postgres/fkeys.sql     --split=relationshipcenter --no-analyze /home/pei/Project/benchmarks/imdb_job-postgres/queries/25a.sql",0.30949484814000006,0.0004919124439459723,0.30958832944000003,0.01321386,0.0036993639999999993,0.30872701344000003,0.31007967244000006
command,mean,stddev,median,user,system,min,max
"../build/aqp_middleware --engine=umbra     --db=""host=localhost port=5432 user=postgres password=postgres""     --schema=/home/pei/Project/benchmarks/imdb_job-postgres/schema.sql     --fkeys=/home/pei/Project/benchmarks/imdb_job-postgres/fkeys.sql     --split=relationshipcenter --no-analyze /home/pei/Project/benchmarks/imdb_job-postgres/queries/25b.sql",0.025992998120000006,0.00024625943233781835,0.026017204420000002,0.014889779999999997,0.0020115899999999997,0.025598251420000002,0.026350076420000004
command,mean,stddev,median,user,system,min,max
"../build/aqp_middleware --engine=umbra     --db=""host=localhost port=5432 user=postgres password=postgres""     --schema=/home/pei/Project/benchmarks/imdb_job-postgres/schema.sql     --fkeys=/home/pei/Project/benchmarks/imdb_job-postgres/fkeys.sql     --split=relationshipcenter --no-analyze /home/pei/Project/benchmarks/imdb_job-postgres/queries/25c.sql",1.41416977012,0.002364238691690271,1.4135294162200003,0.014959379999999998,0.0021146079999999996,1.4115746232200002,1.41987105622
command,mean,stddev,median,user,system,min,max
"../build/aqp_middleware --engine=umbra     --db=""host=localhost port=5432 user=postgres password=postgres""     --schema=/home/pei/Project/benchmarks/imdb_job-postgres/schema.sql     --fkeys=/home/pei/Project/benchmarks/imdb_job-postgres/fkeys.sql     --split=relationshipcenter --no-analyze /home/pei/Project/benchmarks/imdb_job-postgres/queries/26a.sql",0.07836131262000001,0.0014203477287413697,0.07791317702,0.014610999999999999,0.0031025739999999994,0.07725314052,0.08146400852
command,mean,stddev,median,user,system,min,max
"../build/aqp_middleware --engine=umbra     --db=""host=localhost port=5432 user=postgres password=postgres""     --schema=/home/pei/Project/benchmarks/imdb_job-postgres/schema.sql     --fkeys=/home/pei/Project/benchmarks/imdb_job-postgres/fkeys.sql     --split=relationshipcenter --no-analyze /home/pei/Project/benchmarks/imdb_job-postgres/queries/26b.sql",0.041789885359999994,0.0003820895213024913,0.04166072386,0.014266659999999997,0.002715988,0.04137893986,0.04254691086
command,mean,stddev,median,user,system,min,max
"../build/aqp_middleware --engine=umbra     --db=""host=localhost port=5432 user=postgres password=postgres""     --schema=/home/pei/Project/benchmarks/imdb_job-postgres/schema.sql     --fkeys=/home/pei/Project/benchmarks/imdb_job-postgres/fkeys.sql     --split=relationshipcenter --no-analyze /home/pei/Project/benchmarks/imdb_job-postgres/queries/26c.sql",0.12791174996,0.0005868615191739123,0.12790295746,0.014617899999999998,0.0027234999999999994,0.12697463796,0.12903674696
command,mean,stddev,median,user,system,min,max
"../build/aqp_middleware --engine=umbra     --db=""host=localhost port=5432 user=postgres password=postgres""     --schema=/home/pei/Project/benchmarks/imdb_job-postgres/schema.sql     --fkeys=/home/pei/Project/benchmarks/imdb_job-postgres/fkeys.sql     --split=relationshipcenter --no-analyze /home/pei/Project/benchmarks/imdb_job-postgres/queries/27a.sql",0.026928010940000004,0.00036068835456802426,0.02704699084,0.014607620000000002,0.002437756,0.026329895840000003,0.027508565840000002
command,mean,stddev,median,user,system,min,max
"../build/aqp_middleware --engine=umbra     --db=""host=localhost port=5432 user=postgres password=postgres""     --schema=/home/pei/Project/benchmarks/imdb_job-postgres/schema.sql     --fkeys=/home/pei/Project/benchmarks/imdb_job-postgres/fkeys.sql     --split=relationshipcenter --no-analyze /home/pei/Project/benchmarks/imdb_job-postgres/queries/27b.sql",0.02723360482,0.0019705588368878757,0.026691877620000002,0.016111979999999998,0.0024254599999999995,0.025400085120000002,0.03125297412
command,mean,stddev,median,user,system,min,max
"../build/aqp_middleware --engine=umbra     --db=""host=localhost port=5432 user=postgres password=postgres""     --schema=/home/pei/Project/benchmarks/imdb_job-postgres/schema.sql     --fkeys=/home/pei/Project/benchmarks/imdb_job-postgres/fkeys.sql     --split=relationshipcenter --no-analyze /home/pei/Project/benchmarks/imdb_job-postgres/queries/27c.sql",0.02707690358,0.000890815744901199,0.02678571768,0.0144791,0.002954712,0.02632726268,0.029334075680000002
command,mean,stddev,median,user,system,min,max
"../build/aqp_middleware --engine=umbra     --db=""host=localhost port=5432 user=postgres password=postgres""     --schema=/home/pei/Project/benchmarks/imdb_job-postgres/schema.sql     --fkeys=/home/pei/Project/benchmarks/imdb_job-postgres/fkeys.sql     --split=relationshipcenter --no-analyze /home/pei/Project/benchmarks/imdb_job-postgres/queries/28a.sql",0.14460970736,0.005148183195747195,0.14298923846,0.014517079999999998,0.0029651319999999997,0.14273679996000002,0.15925425996
command,mean,stddev,median,user,system,min,max
"../build/aqp_middleware --engine=umbra     --db=""host=localhost port=5432 user=postgres password=postgres""     --schema=/home/pei/Project/benchmarks/imdb_job-postgres/schema.sql     --fkeys=/home/pei/Project/benchmarks/imdb_job-postgres/fkeys.sql     --split=relationshipcenter --no-analyze /home/pei/Project/benchmarks/imdb_job-postgres/queries/28b.sql",0.051573437080000006,0.0003981363426641134,0.051621273380000006,0.01407724,0.003421846,0.05084675688,0.052223968880000006
command,mean,stddev,median,user,system,min,max
"../build/aqp_middleware --engine=umbra     --db=""host=localhost port=5432 user=postgres password=postgres""     --schema=/home/pei/Project/benchmarks/imdb_job-postgres/schema.sql     --fkeys=/home/pei/Project/benchmarks/imdb_job-postgres/fkeys.sql     --split=relationshipcenter --no-analyze /home/pei/Project/benchmarks/imdb_job-postgres/queries/28c.sql",0.20142736274,0.00560368562552883,0.19942234004,0.01686152,0.0007610599999999999,0.19903974154,0.21722410054000002
command,mean,stddev,median,user,system,min,max
"../build/aqp_middleware --engine=umbra     --db=""host=localhost port=5432 user=postgres password=postgres""     --schema=/home/pei/Project/benchmarks/imdb_job-postgres/schema.sql     --fkeys=/home/pei/Project/benchmarks/imdb_job-postgres/fkeys.sql     --split=relationshipcenter --no-analyze /home/pei/Project/benchmarks/imdb_job-postgres/queries/29a.sql",0.33731063686,0.0008209609720156606,0.33733178686,0.014280480000000002,0.0034426559999999997,0.33607978286,0.33887011086
command,mean,stddev,median,user,system,min,max
"../build/aqp_middleware --engine=umbra     --db=""host=localhost port=5432 user=postgres password=postgres""     --schema=/home/pei/Project/benchmarks/imdb_job-postgres/schema.sql     --fkeys=/home/pei/Project/benchmarks/imdb_job-postgres/fkeys.sql     --split=relationshipcenter --no-analyze /home/pei/Project/benchmarks/imdb_job-postgres/queries/29b.sql",0.030079512600000004,0.00026569931343257963,0.0301266617,0.014106579999999999,0.00335856,0.029703973700000004,0.030474014700000003
command,mean,stddev,median,user,system,min,max
"../build/aqp_middleware --engine=umbra     --db=""host=localhost port=5432 user=postgres password=postgres""     --schema=/home/pei/Project/benchmarks/imdb_job-postgres/schema.sql     --fkeys=/home/pei/Project/benchmarks/imdb_job-postgres/fkeys.sql     --split=relationshipcenter --no-analyze /home/pei/Project/benchmarks/imdb_job-postgres/queries/29c.sql",0.042332693819999996,0.0002557630395578651,0.04227760992,0.015340219999999998,0.0022717799999999997,0.04205913592,0.04284817792
command,mean,stddev,median,user,system,min,max
"../build/aqp_middleware --engine=umbra     --db=""host=localhost port=5432 user=postgres password=postgres""     --schema=/home/pei/Project/benchmarks/imdb_job-postgres/schema.sql     --fkeys=/home/pei/Project/benchmarks/imdb_job-postgres/fkeys.sql     --split=relationshipcenter --no-analyze /home/pei/Project/benchmarks/imdb_job-postgres/queries/2a.sql",0.03283894606,0.00048315900879961055,0.03285549856,0.013954799999999998,0.0023710479999999997,0.03222142806,0.033972152060000003
command,mean,stddev,median,user,system,min,max
"../build/aqp_middleware --engine=umbra     --db=""host=localhost port=5432 user=postgres password=postgres""     --schema=/home/pei/Project/benchmarks/imdb_job-postgres/schema.sql     --fkeys=/home/pei/Project/benchmarks/imdb_job-postgres/fkeys.sql     --split=relationshipcenter --no-analyze /home/pei/Project/benchmarks/imdb_job-postgres/queries/2b.sql",0.03285295198,0.0003308255968897102,0.03288786658000001,0.012711159999999999,0.0034536639999999995,0.032357865080000006,0.03352105008
command,mean,stddev,median,user,system,min,max
"../build/aqp_middleware --engine=umbra     --db=""host=localhost port=5432 user=postgres password=postgres""     --schema=/home/pei/Project/benchmarks/imdb_job-postgres/schema.sql     --fkeys=/home/pei/Project/benchmarks/imdb_job-postgres/fkeys.sql     --split=relationshipcenter --no-analyze /home/pei/Project/benchmarks/imdb_job-postgres/queries/2c.sql",0.048587322700000005,0.0006156477960388641,0.048380014400000004,0.013127459999999999,0.0030917559999999998,0.0477643019,0.0498504699
command,mean,stddev,median,user,system,min,max
"../build/aqp_middleware --engine=umbra     --db=""host=localhost port=5432 user=postgres password=postgres""     --schema=/home/pei/Project/benchmarks/imdb_job-postgres/schema.sql     --fkeys=/home/pei/Project/benchmarks/imdb_job-postgres/fkeys.sql     --split=relationshipcenter --no-analyze /home/pei/Project/benchmarks/imdb_job-postgres/queries/2d.sql",0.06690571415999999,0.0015690098627744692,0.06651779446,0.014513860000000003,0.0018337639999999999,0.06558504946,0.06992737946
command,mean,stddev,median,user,system,min,max
"../build/aqp_middleware --engine=umbra     --db=""host=localhost port=5432 user=postgres password=postgres""     --schema=/home/pei/Project/benchmarks/imdb_job-postgres/schema.sql     --fkeys=/home/pei/Project/benchmarks/imdb_job-postgres/fkeys.sql     --split=relationshipcenter --no-analyze /home/pei/Project/benchmarks/imdb_job-postgres/queries/30a.sql",0.44747072824,0.007197574661243615,0.44865857844,0.014669300000000001,0.00256088,0.43829714844,0.45586828744
command,mean,stddev,median,user,system,min,max
"../build/aqp_middleware --engine=umbra     --db=""host=localhost port=5432 user=postgres password=postgres""     --schema=/home/pei/Project/benchmarks/imdb_job-postgres/schema.sql     --fkeys=/home/pei/Project/benchmarks/imdb_job-postgres/fkeys.sql     --split=relationshipcenter --no-analyze /home/pei/Project/benchmarks/imdb_job-postgres/queries/30b.sql",0.07951675898,0.0010188829502783968,0.07914991018,0.01570108,0.00181868,0.07876213468000001,0.08220042068000001
command,mean,stddev,median,user,system,min,max
"../build/aqp_middleware --engine=umbra     --db=""host=localhost port=5432 user=postgres password=postgres""     --schema=/home/pei/Project/benchmarks/imdb_job-postgres/schema.sql     --fkeys=/home/pei/Project/benchmarks/imdb_job-postgres/fkeys.sql     --split=relationshipcenter --no-analyze /home/pei/Project/benchmarks/imdb_job-postgres/queries/30c.sql",0.64095011838,0.020718355769008923,0.62914290338,0.01552156,0.0017397699999999999,0.62754052788,0.67813488688
command,mean,stddev,median,user,system,min,max
"../build/aqp_middleware --engine=umbra     --db=""host=localhost port=5432 user=postgres password=postgres""     --schema=/home/pei/Project/benchmarks/imdb_job-postgres/schema.sql     --fkeys=/home/pei/Project/benchmarks/imdb_job-postgres/fkeys.sql     --split=relationshipcenter --no-analyze /home/pei/Project/benchmarks/imdb_job-postgres/queries/31a.sql",0.06779042622,0.0004179920944869645,0.06786172462000001,0.014354639999999998,0.00296195,0.06701270462,0.06837430562
command,mean,stddev,median,user,system,min,max
"../build/aqp_middleware --engine=umbra     --db=""host=localhost port=5432 user=postgres password=postgres""     --schema=/home/pei/Project/benchmarks/imdb_job-postgres/schema.sql     --fkeys=/home/pei/Project/benchmarks/imdb_job-postgres/fkeys.sql     --split=relationshipcenter --no-analyze /home/pei/Project/benchmarks/imdb_job-postgres/queries/31b.sql",0.07930864846,0.00031727447159204524,0.07927520066,0.01144512,0.00579278,0.07886098416000001,0.08010109916000001
command,mean,stddev,median,user,system,min,max
"../build/aqp_middleware --engine=umbra     --db=""host=localhost port=5432 user=postgres password=postgres""     --schema=/home/pei/Project/benchmarks/imdb_job-postgres/schema.sql     --fkeys=/home/pei/Project/benchmarks/imdb_job-postgres/fkeys.sql     --split=relationshipcenter --no-analyze /home/pei/Project/benchmarks/imdb_job-postgres/queries/31c.sql",0.08653867908000001,0.0005848582955151527,0.08639407858,0.0147806,0.0022956879999999997,0.08583558908000001,0.08749434908
command,mean,stddev,median,user,system,min,max
"../build/aqp_middleware --engine=umbra     --db=""host=localhost port=5432 user=postgres password=postgres""     --schema=/home/pei/Project/benchmarks/imdb_job-postgres/schema.sql     --fkeys=/home/pei/Project/benchmarks/imdb_job-postgres/fkeys.sql     --split=relationshipcenter --no-analyze /home/pei/Project/benchmarks/imdb_job-postgres/queries/32a.sql",0.019808124939999998,0.0006567001678965407,0.019788224740000002,0.01408218,0.0024951400000000003,0.01892242624,0.020700110240000003
command,mean,stddev,median,user,system,min,max
"../build/aqp_middleware --engine=umbra     --db=""host=localhost port=5432 user=postgres password=postgres""     --schema=/home/pei/Project/benchmarks/imdb_job-postgres/schema.sql     --fkeys=/home/pei/Project/benchmarks/imdb_job-postgres/fkeys.sql     --split=relationshipcenter --no-analyze /home/pei/Project/benchmarks/imdb_job-postgres/queries/32b.sql",0.026442049079999995,0.00099238998476027,0.02636882898,0.0165345,0.0019660899999999998,0.02525741348,0.02842519248
command,mean,stddev,median,user,system,min,max
"../build/aqp_middleware --engine=umbra     --db=""host=localhost port=5432 user=postgres password=postgres""     --schema=/home/pei/Project/benchmarks/imdb_job-postgres/schema.sql     --fkeys=/home/pei/Project/benchmarks/imdb_job-postgres/fkeys.sql     --split=relationshipcenter --no-analyze /home/pei/Project/benchmarks/imdb_job-postgres/queries/33a.sql",0.027617789120000003,0.0023756956383868427,0.02815477652,0.015863679999999998,0.003246384,0.02445911652,0.031240455519999998
command,mean,stddev,median,user,system,min,max
"../build/aqp_middleware --engine=umbra     --db=""host=localhost port=5432 user=postgres password=postgres""     --schema=/home/pei/Project/benchmarks/imdb_job-postgres/schema.sql     --fkeys=/home/pei/Project/benchmarks/imdb_job-postgres/fkeys.sql     --split=relationshipcenter --no-analyze /home/pei/Project/benchmarks/imdb_job-postgres/queries/33b.sql",0.026659133019999996,0.0008411292440707715,0.026952550320000004,0.015143319999999998,0.002694724,0.02536162382,0.027811808820000002
command,mean,stddev,median,user,system,min,max
"../build/aqp_middleware --engine=umbra     --db=""host=localhost port=5432 user=postgres password=postgres""     --schema=/home/pei/Project/benchmarks/imdb_job-postgres/schema.sql     --fkeys=/home/pei/Project/benchmarks/imdb_job-postgres/fkeys.sql     --split=relationshipcenter --no-analyze /home/pei/Project/benchmarks/imdb_job-postgres/queries/33c.sql",0.02619299918,0.0005344703418421721,0.026168808180000003,0.015107100000000002,0.002177208,0.025415137180000002,0.02706187318
command,mean,stddev,median,user,system,min,max
"../build/aqp_middleware --engine=umbra     --db=""host=localhost port=5432 user=postgres password=postgres""     --schema=/home/pei/Project/benchmarks/imdb_job-postgres/schema.sql     --fkeys=/home/pei/Project/benchmarks/imdb_job-postgres/fkeys.sql     --split=relationshipcenter --no-analyze /home/pei/Project/benchmarks/imdb_job-postgres/queries/3a.sql",0.11013224304000002,0.0005391304025395463,0.11001966734000002,0.013890839999999998,0.0026097,0.10949229834000002,0.11123878834
command,mean,stddev,median,user,system,min,max
"../build/aqp_middleware --engine=umbra     --db=""host=localhost port=5432 user=postgres password=postgres""     --schema=/home/pei/Project/benchmarks/imdb_job-postgres/schema.sql     --fkeys=/home/pei/Project/benchmarks/imdb_job-postgres/fkeys.sql     --split=relationshipcenter --no-analyze /home/pei/Project/benchmarks/imdb_job-postgres/queries/3b.sql",0.025732964060000002,0.00038136261669579843,0.02571726976,0.014674379999999997,0.00164628,0.025056586260000003,0.026363731260000002
command,mean,stddev,median,user,system,min,max
"../build/aqp_middleware --engine=umbra     --db=""host=localhost port=5432 user=postgres password=postgres""     --schema=/home/pei/Project/benchmarks/imdb_job-postgres/schema.sql     --fkeys=/home/pei/Project/benchmarks/imdb_job-postgres/fkeys.sql     --split=relationshipcenter --no-analyze /home/pei/Project/benchmarks/imdb_job-postgres/queries/3c.sql",0.05584584376,0.0006772293818454139,0.05556926376,0.011950180000000001,0.00422868,0.055241229260000003,0.05705808426
command,mean,stddev,median,user,system,min,max
"../build/aqp_middleware --engine=umbra     --db=""host=localhost port=5432 user=postgres password=postgres""     --schema=/home/pei/Project/benchmarks/imdb_job-postgres/schema.sql     --fkeys=/home/pei/Project/benchmarks/imdb_job-postgres/fkeys.sql     --split=relationshipcenter --no-analyze /home/pei/Project/benchmarks/imdb_job-postgres/queries/4a.sql",0.030427984560000003,0.00039646617114362834,0.030556439360000003,0.01413432,0.00238183,0.02974712536,0.03086736436
command,mean,stddev,median,user,system,min,max
"../build/aqp_middleware --engine=umbra     --db=""host=localhost port=5432 user=postgres password=postgres""     --schema=/home/pei/Project/benchmarks/imdb_job-postgres/schema.sql     --fkeys=/home/pei/Project/benchmarks/imdb_job-postgres/fkeys.sql     --split=relationshipcenter --no-analyze /home/pei/Project/benchmarks/imdb_job-postgres/queries/4b.sql",0.06254165782000001,0.0005016672121780961,0.06249022892,0.014937339999999999,0.00131086,0.06183229892000001,0.06371399692
command,mean,stddev,median,user,system,min,max
"../build/aqp_middleware --engine=umbra     --db=""host=localhost port=5432 user=postgres password=postgres""     --schema=/home/pei/Project/benchmarks/imdb_job-postgres/schema.sql     --fkeys=/home/pei/Project/benchmarks/imdb_job-postgres/fkeys.sql     --split=relationshipcenter --no-analyze /home/pei/Project/benchmarks/imdb_job-postgres/queries/4c.sql",0.03187007716,0.0003820922687829908,0.03175327636,0.012889359999999997,0.003520968,0.031261330360000006,0.03238582336
command,mean,stddev,median,user,system,min,max
"../build/aqp_middleware --engine=umbra     --db=""host=localhost port=5432 user=postgres password=postgres""     --schema=/home/pei/Project/benchmarks/imdb_job-postgres/schema.sql     --fkeys=/home/pei/Project/benchmarks/imdb_job-postgres/fkeys.sql     --split=relationshipcenter --no-analyze /home/pei/Project/benchmarks/imdb_job-postgres/queries/5a.sql",0.029134721019999997,0.0020539910759560446,0.028444749820000004,0.012907939999999998,0.0037723240000000005,0.02796060882,0.03485959982
command,mean,stddev,median,user,system,min,max
"../build/aqp_middleware --engine=umbra     --db=""host=localhost port=5432 user=postgres password=postgres""     --schema=/home/pei/Project/benchmarks/imdb_job-postgres/schema.sql     --fkeys=/home/pei/Project/benchmarks/imdb_job-postgres/fkeys.sql     --split=relationshipcenter --no-analyze /home/pei/Project/benchmarks/imdb_job-postgres/queries/5b.sql",0.028177526360000003,0.0003559796845380684,0.028157250260000002,0.013786119999999999,0.002396404,0.027680800760000002,0.028627666760000003
command,mean,stddev,median,user,system,min,max
"../build/aqp_middleware --engine=umbra     --db=""host=localhost port=5432 user=postgres password=postgres""     --schema=/home/pei/Project/benchmarks/imdb_job-postgres/schema.sql     --fkeys=/home/pei/Project/benchmarks/imdb_job-postgres/fkeys.sql     --split=relationshipcenter --no-analyze /home/pei/Project/benchmarks/imdb_job-postgres/queries/5c.sql",0.032208258280000006,0.00017163652834603047,0.032193089980000006,0.012359619999999998,0.0039011160000000005,0.03202903898,0.03262298198
command,mean,stddev,median,user,system,min,max
"../build/aqp_middleware --engine=umbra     --db=""host=localhost port=5432 user=postgres password=postgres""     --schema=/home/pei/Project/benchmarks/imdb_job-postgres/schema.sql     --fkeys=/home/pei/Project/benchmarks/imdb_job-postgres/fkeys.sql     --split=relationshipcenter --no-analyze /home/pei/Project/benchmarks/imdb_job-postgres/queries/6a.sql",0.10716109520000001,0.0026422329814659996,0.10638980610000001,0.013243,0.0032475299999999998,0.10518027460000001,0.1143985116
command,mean,stddev,median,user,system,min,max
"../build/aqp_middleware --engine=umbra     --db=""host=localhost port=5432 user=postgres password=postgres""     --schema=/home/pei/Project/benchmarks/imdb_job-postgres/schema.sql     --fkeys=/home/pei/Project/benchmarks/imdb_job-postgres/fkeys.sql     --split=relationshipcenter --no-analyze /home/pei/Project/benchmarks/imdb_job-postgres/queries/6b.sql",0.11468001694,0.0010524254934108908,0.11439624404000001,0.013571519999999998,0.0029826299999999996,0.11327576554000002,0.11691231854000002
command,mean,stddev,median,user,system,min,max
"../build/aqp_middleware --engine=umbra     --db=""host=localhost port=5432 user=postgres password=postgres""     --schema=/home/pei/Project/benchmarks/imdb_job-postgres/schema.sql     --fkeys=/home/pei/Project/benchmarks/imdb_job-postgres/fkeys.sql     --split=relationshipcenter --no-analyze /home/pei/Project/benchmarks/imdb_job-postgres/queries/6c.sql",0.1072395948,0.00056911863936403,0.1073959236,0.013061040000000001,0.0034498199999999993,0.1061237911,0.1078310361
command,mean,stddev,median,user,system,min,max
"../build/aqp_middleware --engine=umbra     --db=""host=localhost port=5432 user=postgres password=postgres""     --schema=/home/pei/Project/benchmarks/imdb_job-postgres/schema.sql     --fkeys=/home/pei/Project/benchmarks/imdb_job-postgres/fkeys.sql     --split=relationshipcenter --no-analyze /home/pei/Project/benchmarks/imdb_job-postgres/queries/6d.sql",0.11314110660000001,0.00046728920814554406,0.11313524530000002,0.012092239999999999,0.004378096,0.11228400280000002,0.11370559780000002
command,mean,stddev,median,user,system,min,max
"../build/aqp_middleware --engine=umbra     --db=""host=localhost port=5432 user=postgres password=postgres""     --schema=/home/pei/Project/benchmarks/imdb_job-postgres/schema.sql     --fkeys=/home/pei/Project/benchmarks/imdb_job-postgres/fkeys.sql     --split=relationshipcenter --no-analyze /home/pei/Project/benchmarks/imdb_job-postgres/queries/6e.sql",0.10846664596,0.0033350346298558955,0.10723580856,0.01409524,0.0022884639999999996,0.10569433456,0.11628658356
command,mean,stddev,median,user,system,min,max
"../build/aqp_middleware --engine=umbra     --db=""host=localhost port=5432 user=postgres password=postgres""     --schema=/home/pei/Project/benchmarks/imdb_job-postgres/schema.sql     --fkeys=/home/pei/Project/benchmarks/imdb_job-postgres/fkeys.sql     --split=relationshipcenter --no-analyze /home/pei/Project/benchmarks/imdb_job-postgres/queries/6f.sql",0.31339673792,0.003300799001337319,0.31226537502,0.01331782,0.0030785359999999998,0.31062809452,0.32116004552000005
command,mean,stddev,median,user,system,min,max
"../build/aqp_middleware --engine=umbra     --db=""host=localhost port=5432 user=postgres password=postgres""     --schema=/home/pei/Project/benchmarks/imdb_job-postgres/schema.sql     --fkeys=/home/pei/Project/benchmarks/imdb_job-postgres/fkeys.sql     --split=relationshipcenter --no-analyze /home/pei/Project/benchmarks/imdb_job-postgres/queries/7a.sql",0.03191645988,0.0002752832391205657,0.03180558198,0.014385900000000002,0.00216291,0.03167909948,0.03244872348
command,mean,stddev,median,user,system,min,max
"../build/aqp_middleware --engine=umbra     --db=""host=localhost port=5432 user=postgres password=postgres""     --schema=/home/pei/Project/benchmarks/imdb_job-postgres/schema.sql     --fkeys=/home/pei/Project/benchmarks/imdb_job-postgres/fkeys.sql     --split=relationshipcenter --no-analyze /home/pei/Project/benchmarks/imdb_job-postgres/queries/7b.sql",0.04030865777999999,0.0044578304999610945,0.04215657388,0.015068959999999998,0.006459479999999999,0.03135099138,0.04380900538
command,mean,stddev,median,user,system,min,max
"../build/aqp_middleware --engine=umbra     --db=""host=localhost port=5432 user=postgres password=postgres""     --schema=/home/pei/Project/benchmarks/imdb_job-postgres/schema.sql     --fkeys=/home/pei/Project/benchmarks/imdb_job-postgres/fkeys.sql     --split=relationshipcenter --no-analyze /home/pei/Project/benchmarks/imdb_job-postgres/queries/7c.sql",0.11872192347999999,0.0009709995882162998,0.11850843698000002,0.0144256,0.002469702,0.11782286548000001,0.12132098848000002
command,mean,stddev,median,user,system,min,max
"../build/aqp_middleware --engine=umbra     --db=""host=localhost port=5432 user=postgres password=postgres""     --schema=/home/pei/Project/benchmarks/imdb_job-postgres/schema.sql     --fkeys=/home/pei/Project/benchmarks/imdb_job-postgres/fkeys.sql     --split=relationshipcenter --no-analyze /home/pei/Project/benchmarks/imdb_job-postgres/queries/8a.sql",0.83779145718,0.02425389194580617,0.82646649768,0.01402618,0.0025934239999999996,0.82341232218,0.89240899618
command,mean,stddev,median,user,system,min,max
"../build/aqp_middleware --engine=umbra     --db=""host=localhost port=5432 user=postgres password=postgres""     --schema=/home/pei/Project/benchmarks/imdb_job-postgres/schema.sql     --fkeys=/home/pei/Project/benchmarks/imdb_job-postgres/fkeys.sql     --split=relationshipcenter --no-analyze /home/pei/Project/benchmarks/imdb_job-postgres/queries/8b.sql",0.8746166548600002,0.0038405444879976852,0.87378550186,0.01358624,0.0031161459999999993,0.87108194936,0.8849731173600001
command,mean,stddev,median,user,system,min,max
"../build/aqp_middleware --engine=umbra     --db=""host=localhost port=5432 user=postgres password=postgres""     --schema=/home/pei/Project/benchmarks/imdb_job-postgres/schema.sql     --fkeys=/home/pei/Project/benchmarks/imdb_job-postgres/fkeys.sql     --split=relationshipcenter --no-analyze /home/pei/Project/benchmarks/imdb_job-postgres/queries/8c.sql",0.35462864332,0.001377385206710362,0.35447339522,0.01325884,0.003346752,0.35281856222,0.35811511022000003
command,mean,stddev,median,user,system,min,max
"../build/aqp_middleware --engine=umbra     --db=""host=localhost port=5432 user=postgres password=postgres""     --schema=/home/pei/Project/benchmarks/imdb_job-postgres/schema.sql     --fkeys=/home/pei/Project/benchmarks/imdb_job-postgres/fkeys.sql     --split=relationshipcenter --no-analyze /home/pei/Project/benchmarks/imdb_job-postgres/queries/8d.sql",0.15757020018000004,0.0013740110977852004,0.15716185318,0.014995619999999998,0.0016877499999999996,0.15643911318,0.16123837118
command,mean,stddev,median,user,system,min,max
"../build/aqp_middleware --engine=umbra     --db=""host=localhost port=5432 user=postgres password=postgres""     --schema=/home/pei/Project/benchmarks/imdb_job-postgres/schema.sql     --fkeys=/home/pei/Project/benchmarks/imdb_job-postgres/fkeys.sql     --split=relationshipcenter --no-analyze /home/pei/Project/benchmarks/imdb_job-postgres/queries/9a.sql",0.05658829472000001,0.0002303202755055093,0.056697430820000005,0.014555859999999999,0.00220183,0.056118914320000005,0.05682304732000001
command,mean,stddev,median,user,system,min,max
"../build/aqp_middleware --engine=umbra     --db=""host=localhost port=5432 user=postgres password=postgres""     --schema=/home/pei/Project/benchmarks/imdb_job-postgres/schema.sql     --fkeys=/home/pei/Project/benchmarks/imdb_job-postgres/fkeys.sql     --split=relationshipcenter --no-analyze /home/pei/Project/benchmarks/imdb_job-postgres/queries/9b.sql",0.05212660774000001,0.0003580787109386848,0.05208125594,0.012701879999999999,0.0039713199999999995,0.051526999940000005,0.05265638394
command,mean,stddev,median,user,system,min,max
"../build/aqp_middleware --engine=umbra     --db=""host=localhost port=5432 user=postgres password=postgres""     --schema=/home/pei/Project/benchmarks/imdb_job-postgres/schema.sql     --fkeys=/home/pei/Project/benchmarks/imdb_job-postgres/fkeys.sql     --split=relationshipcenter --no-analyze /home/pei/Project/benchmarks/imdb_job-postgres/queries/9c.sql",0.07384081936,0.0002904602659742323,0.07385758676,0.014575700000000002,0.002185776,0.07337349876,0.07436851976
command,mean,stddev,median,user,system,min,max
"../build/aqp_middleware --engine=umbra     --db=""host=localhost port=5432 user=postgres password=postgres""     --schema=/home/pei/Project/benchmarks/imdb_job-postgres/schema.sql     --fkeys=/home/pei/Project/benchmarks/imdb_job-postgres/fkeys.sql     --split=relationshipcenter --no-analyze /home/pei/Project/benchmarks/imdb_job-postgres/queries/9d.sql",0.24743678794000004,0.0006536418193543342,0.24747933524000004,0.01454646,0.002212352,0.24646716274000002,0.24831313774000002
